first_name,last_name,email,gender
Lou,Norcock,lnorcock0@seattletimes.com,Female
Jonah,Petracchi,jpetracchi1@wsj.com,Male
Raoul,Januszewicz,rjanuszewicz2@bbb.org,Male
Edwin,Bisset,ebisset3@hao123.com,Male
Ado,Sterrie,asterrie4@webs.com,Male
Kale,Styles,kstyles5@wisc.edu,Male
Kaila,Olyonov,kolyonov6@desdev.cn,Female
Arni,Munnion,amunnion7@networksolutions.com,Male
Lee,Hawe,lhawe8@bravesites.com,Female
Amandi,Brockherst,abrockherst9@eepurl.com,Female
Yehudi,Billion,ybilliona@myspace.com,Male
Garek,Lowen,glowenb@flavors.me,Male
Stephanus,Quoit,squoitc@uiuc.edu,Male
Matty,Mathiassen,mmathiassend@altervista.org,Genderqueer
Phoebe,Cavaney,pcavaneye@furl.net,Female
Rickard,Feasby,rfeasbyf@dot.gov,Male
Francklin,Conrad,fconradg@dmoz.org,Male
Lucilia,Overy,loveryh@sfgate.com,Female
Chelsey,Erangey,cerangeyi@yahoo.com,Female
Eartha,Staff,estaffj@imdb.com,Female
Fayette,Van der Hoeven,fvanderhoevenk@google.com,Female
Dall,Evreux,devreuxl@foxnews.com,Male
Fidel,Robroe,frobroem@cbslocal.com,Male
Kaylil,MacCart,kmaccartn@accuweather.com,Female
Lowe,Ealden,lealdeno@jigsy.com,Male
Simeon,Lamming,slammingp@elegantthemes.com,Male
Glyn,Batie,gbatieq@usda.gov,Female
Ramsey,Osinin,rosininr@gravatar.com,Male
Arny,Divill,adivills@g.co,Male
Carver,Matitiaho,cmatitiahot@admin.ch,Non-binary
Auria,McAnellye,amcanellyeu@goo.ne.jp,Female
Oswell,Whoolehan,owhoolehanv@list-manage.com,Polygender
Lissie,Yitzhakov,lyitzhakovw@barnesandnoble.com,Female
Ashlie,Dilston,adilstonx@creativecommons.org,Female
Alene,Catcherside,acatchersidey@usgs.gov,Genderqueer
Lombard,Musgrave,lmusgravez@newyorker.com,Polygender
Stanleigh,Duran,sduran10@narod.ru,Male
Raf,Ulster,rulster11@ow.ly,Female
Millicent,Bardnam,mbardnam12@ycombinator.com,Female
Dianne,Bucky,dbucky13@blinklist.com,Female
Charis,Derle,cderle14@miibeian.gov.cn,Female
Kristel,Vickress,kvickress15@liveinternet.ru,Female
Lilly,Tompion,ltompion16@bing.com,Female
Miof mela,De Goey,mdegoey17@amazon.co.jp,Female
Maura,Norkett,mnorkett18@cdc.gov,Female
Clem,Pendry,cpendry19@utexas.edu,Female
Hailee,Andren,handren1a@dyndns.org,Female
Dav,Kernell,dkernell1b@comcast.net,Male
Cathleen,Wellsman,cwellsman1c@photobucket.com,Female
Nataniel,Corbin,ncorbin1d@bloglines.com,Male
Gwenore,Leyninye,gleyninye1e@cdbaby.com,Female
Amabelle,Standering,astandering1f@domainmarket.com,Female
Aeriel,Berryann,aberryann1g@hubpages.com,Polygender
Alfy,Beauchop,abeauchop1h@cargocollective.com,Female
Rriocard,Slaght,rslaght1i@bravesites.com,Male
Jens,Braisby,jbraisby1j@yolasite.com,Male
Sidney,Fforde,sfforde1k@woothemes.com,Male
Tabbie,Van Leeuwen,tvanleeuwen1l@deliciousdays.com,Male
Chaddie,Milner,cmilner1m@toplist.cz,Male
Gerianna,Kelland,gkelland1n@umn.edu,Female
Haley,Daenen,hdaenen1o@sitemeter.com,Female
Jed,Follett,jfollett1p@netscape.com,Male
Ebeneser,Castiblanco,ecastiblanco1q@tripadvisor.com,Genderfluid
Cecily,Ord,cord1r@gmpg.org,Bigender
Marsiella,Drysdall,mdrysdall1s@arizona.edu,Female
Cecilla,Tyndall,ctyndall1t@tmall.com,Agender
Micheal,Pocklington,mpocklington1u@123-reg.co.uk,Male
Maury,Menere,mmenere1v@skype.com,Male
Annalise,McGaugie,amcgaugie1w@creativecommons.org,Female
Willdon,Canero,wcanero1x@phpbb.com,Male
Nikki,Brunskill,nbrunskill1y@hc360.com,Female
Bartolomeo,Schutze,bschutze1z@purevolume.com,Male
Gilemette,Neumann,gneumann20@mozilla.com,Female
Keelia,Gabits,kgabits21@hhs.gov,Female
Clywd,Shoebotham,cshoebotham22@deliciousdays.com,Male
Cass,Letherbury,cletherbury23@sina.com.cn,Female
Jedidiah,Kingston,jkingston24@topsy.com,Male
Gilberte,Penddreth,gpenddreth25@google.com,Female
Welbie,Arnatt,warnatt26@tuttocitta.it,Male
Hogan,Acutt,hacutt27@arstechnica.com,Male
Codi,Probbin,cprobbin28@yelp.com,Female
Rickie,Antonov,rantonov29@unicef.org,Male
Costa,Indgs,cindgs2a@yolasite.com,Male
Patrick,Boother,pboother2b@virginia.edu,Male
Richmond,Ruberti,rruberti2c@yellowpages.com,Male
Griffith,Sporton,gsporton2d@simplemachines.org,Male
Hervey,Longmuir,hlongmuir2e@theguardian.com,Male
Gerik,Lowndes,glowndes2f@creativecommons.org,Male
Ardine,Brambell,abrambell2g@bloomberg.com,Female
Ronnie,Wayne,rwayne2h@nationalgeographic.com,Female
Jaime,Manilo,jmanilo2i@technorati.com,Male
Eddie,Maydway,emaydway2j@illinois.edu,Bigender
Kain,Studeart,kstudeart2k@chron.com,Male
Nahum,Hanton,nhanton2l@booking.com,Male
Marina,Van Geffen,mvangeffen2m@icio.us,Female
Evita,Sneezum,esneezum2n@bloglovin.com,Female
Ella,Brockley,ebrockley2o@4shared.com,Female
Carlota,Meachen,cmeachen2p@dot.gov,Female
Dick,Hurton,dhurton2q@wikia.com,Male
Sam,Massingham,smassingham2r@twitpic.com,Female
Sanders,Geggus,sgeggus2s@admin.ch,Male
Judah,Grima,jgrima2t@google.com.hk,Male
Queenie,Cecchetelli,qcecchetelli2u@auda.org.au,Genderfluid
Brent,Trundler,btrundler2v@youtu.be,Male
Tymon,MacCambridge,tmaccambridge2w@sogou.com,Male
Violante,Minker,vminker2x@naver.com,Female
Jackie,Luff,jluff2y@ezinearticles.com,Female
Temple,Kundt,tkundt2z@delicious.com,Male
Karel,Kerwick,kkerwick30@economist.com,Male
Cleopatra,Riditch,criditch31@webnode.com,Female
Daveen,Jouning,djouning32@networksolutions.com,Female
Sonny,Trippitt,strippitt33@webeden.co.uk,Male
Early,Weatherby,eweatherby34@washingtonpost.com,Male
Georas,Leak,gleak35@wsj.com,Male
Myrilla,Stratz,mstratz36@xinhuanet.com,Female
Luz,Eskrick,leskrick37@google.it,Female
Cirilo,Kaminski,ckaminski38@irs.gov,Male
Care,Morey,cmorey39@huffingtonpost.com,Male
Raffaello,Forsdyke,rforsdyke3a@weibo.com,Male
Danni,Emilien,demilien3b@pcworld.com,Female
Northrop,Kille,nkille3c@wired.com,Male
Bram,Pomfrey,bpomfrey3d@timesonline.co.uk,Male
Nyssa,Peirone,npeirone3e@discovery.com,Female
Rolf,McPaike,rmcpaike3f@psu.edu,Genderqueer
Tybi,Jacklings,tjacklings3g@army.mil,Female
Margot,Havill,mhavill3h@umn.edu,Female
Yale,Blundell,yblundell3i@hatena.ne.jp,Male
Cornelia,Briscam,cbriscam3j@t.co,Female
Ursuline,Robert,urobert3k@photobucket.com,Female
Anne-marie,Barney,abarney3l@facebook.com,Female
Chaddie,Skakunas,cskakunas3m@bravesites.com,Male
Eveleen,Hasell,ehasell3n@cnet.com,Female
Guntar,Eaglesham,geaglesham3o@blogtalkradio.com,Male
Mel,Hutchence,mhutchence3p@phoca.cz,Male
Doro,Mallaby,dmallaby3q@eepurl.com,Female
Nerita,Ord,nord3r@smh.com.au,Female
Rani,Bummfrey,rbummfrey3s@ebay.co.uk,Female
Lanae,Espinazo,lespinazo3t@dion.ne.jp,Female
Rebe,Wroath,rwroath3u@stumbleupon.com,Female
Joeann,Lean,jlean3v@mashable.com,Female
Adelheid,de Voiels,adevoiels3w@indiatimes.com,Female
Skipper,Boylund,sboylund3x@shop-pro.jp,Male
Andreas,Greet,agreet3y@meetup.com,Male
Quinn,Snaden,qsnaden3z@linkedin.com,Female
Gussi,Boyde,gboyde40@ehow.com,Genderfluid
Flor,Bottrell,fbottrell41@youku.com,Female
Thedrick,Audas,taudas42@arstechnica.com,Polygender
Ivie,Wilkie,iwilkie43@ucoz.com,Female
Enos,Gabrieli,egabrieli44@businessinsider.com,Male
Aggy,Tuckley,atuckley45@china.com.cn,Female
Johnnie,Birt,jbirt46@cam.ac.uk,Male
Carl,Makinson,cmakinson47@salon.com,Male
Berton,Dyment,bdyment48@skype.com,Male
Umberto,Pawlicki,upawlicki49@vkontakte.ru,Male
Rubi,Tolliday,rtolliday4a@mit.edu,Female
Ricki,Bayne,rbayne4b@hexun.com,Agender
Norman,Severwright,nseverwright4c@example.com,Male
Herold,Eggleton,heggleton4d@chronoengine.com,Male
Mavis,Cato,mcato4e@google.de,Bigender
Carroll,Van Baaren,cvanbaaren4f@pbs.org,Genderfluid
Tybi,Blackmuir,tblackmuir4g@umn.edu,Female
Roze,Knapp,rknapp4h@bbc.co.uk,Female
Raynor,Mayte,rmayte4i@seattletimes.com,Male
Hartley,Sacchetti,hsacchetti4j@delicious.com,Male
Onofredo,Gostall,ogostall4k@cbc.ca,Male
Ysabel,Warden,ywarden4l@pbs.org,Female
Alexi,Shallcross,ashallcross4m@yandex.ru,Female
Elwin,Pozer,epozer4n@army.mil,Male
Whitney,Cornner,wcornner4o@bbb.org,Male
Ericka,Allbrook,eallbrook4p@gov.uk,Female
Gavin,Costanza,gcostanza4q@themeforest.net,Male
Dyanne,Pettecrew,dpettecrew4r@skyrock.com,Female
Gualterio,Lyst,glyst4s@flickr.com,Male
Evaleen,Janning,ejanning4t@google.it,Female
Nikolos,Hawse,nhawse4u@hibu.com,Male
Faustina,Kimm,fkimm4v@kickstarter.com,Female
Felipe,Rayner,frayner4w@etsy.com,Male
Tracee,Barnes,tbarnes4x@paginegialle.it,Female
Ole,Reidshaw,oreidshaw4y@hugedomains.com,Male
Gunther,Berrane,gberrane4z@eventbrite.com,Male
Amargo,Moryson,amoryson50@thetimes.co.uk,Female
Eugenius,Castilla,ecastilla51@timesonline.co.uk,Male
Barton,Roughsedge,broughsedge52@prlog.org,Male
Mallory,Fransman,mfransman53@com.com,Male
Frannie,Clemmen,fclemmen54@drupal.org,Female
Rebbecca,Fassmann,rfassmann55@scribd.com,Female
Tadeo,Saffin,tsaffin56@123-reg.co.uk,Male
Haily,Ferronier,hferronier57@apple.com,Female
Dorette,Gothard,dgothard58@technorati.com,Female
Jorgan,Hathorn,jhathorn59@utexas.edu,Male
Wald,Kelsell,wkelsell5a@bluehost.com,Male
Sharla,Librey,slibrey5b@google.it,Female
Rem,Boulder,rboulder5c@tripadvisor.com,Male
Barrie,Prahl,bprahl5d@sbwire.com,Female
Rey,McMechan,rmcmechan5e@sogou.com,Female
Faythe,Skerme,fskerme5f@google.cn,Female
Somerset,Saltern,ssaltern5g@homestead.com,Male
Heywood,Millership,hmillership5h@com.com,Male
Manya,Studholme,mstudholme5i@usnews.com,Female
Jo ann,Whistlecroft,jwhistlecroft5j@forbes.com,Female
Christina,Ledgeway,cledgeway5k@shop-pro.jp,Female
Hallie,Boal,hboal5l@ebay.com,Female
Vin,Stanway,vstanway5m@dailymail.co.uk,Male
Alexandro,Fernyhough,afernyhough5n@nytimes.com,Genderfluid
Becca,Curwood,bcurwood5o@technorati.com,Female
Alfy,Dyos,adyos5p@godaddy.com,Male
Adriano,Heavens,aheavens5q@dailymail.co.uk,Male
Lindie,Lum,llum5r@dot.gov,Female
Dorise,Tomasino,dtomasino5s@gravatar.com,Female
Maureen,Jarad,mjarad5t@webs.com,Female
Vasily,Birchwood,vbirchwood5u@foxnews.com,Male
Brigid,Dyton,bdyton5v@buzzfeed.com,Female
Aila,Kelle,akelle5w@unc.edu,Female
Glen,Sherme,gsherme5x@infoseek.co.jp,Female
Lorri,Glackin,lglackin5y@slate.com,Female
Linea,O'Brien,lobrien5z@chron.com,Polygender
Ahmed,Denes,adenes60@virginia.edu,Male
Morley,Mattosoff,mmattosoff61@etsy.com,Male
Karleen,Extil,kextil62@wiley.com,Female
Sherwynd,Sammons,ssammons63@bloglovin.com,Male
Gris,Corck,gcorck64@yandex.ru,Male
Libby,D'Agostino,ldagostino65@arizona.edu,Female
Terrel,Dabling,tdabling66@nifty.com,Male
Bendix,Chewter,bchewter67@hc360.com,Male
Andrey,Seward,aseward68@qq.com,Male
Filip,Flea,fflea69@ed.gov,Male
Elvira,Dollin,edollin6a@barnesandnoble.com,Female
Hartley,Crumpton,hcrumpton6b@wikispaces.com,Male
Nathanial,Wadeson,nwadeson6c@microsoft.com,Male
Evita,Sherwin,esherwin6d@paypal.com,Female
Ashia,Zamudio,azamudio6e@mashable.com,Female
Filide,Ody,fody6f@over-blog.com,Female
Angeline,Golley,agolley6g@nytimes.com,Female
Lavena,Doonican,ldoonican6h@comsenz.com,Female
Maegan,Mimmack,mmimmack6i@about.me,Female
Odilia,Bees,obees6j@liveinternet.ru,Female
Shell,Kynett,skynett6k@storify.com,Male
Herve,Anney,hanney6l@thetimes.co.uk,Male
Christian,Westgarth,cwestgarth6m@tmall.com,Female
Austin,Wisdom,awisdom6n@hp.com,Male
Amanda,Trank,atrank6o@acquirethisname.com,Female
Kath,Hindmoor,khindmoor6p@bbc.co.uk,Female
Zebedee,Hurkett,zhurkett6q@berkeley.edu,Male
Ninon,Donaldson,ndonaldson6r@drupal.org,Female
Priscilla,Weerdenburg,pweerdenburg6s@mysql.com,Non-binary
Wilie,Hulle,whulle6t@google.co.uk,Female
Sondra,Tesseyman,stesseyman6u@un.org,Female
Sallyann,Wilkinson,swilkinson6v@hud.gov,Female
Philippe,Texton,ptexton6w@yahoo.co.jp,Female
Izak,Fattore,ifattore6x@craigslist.org,Male
Sancho,Sessuns,ssessuns6y@dropbox.com,Male
Arlee,Mengue,amengue6z@netscape.com,Female
Philis,Curee,pcuree70@latimes.com,Female
Wendye,Tackell,wtackell71@webnode.com,Female
Charity,Upton,cupton72@reference.com,Female
Cele,Hallad,challad73@mapquest.com,Female
Gusti,Labbe,glabbe74@topsy.com,Female
Arabelle,Aizikovitz,aaizikovitz75@arstechnica.com,Female
Bernarr,Porte,bporte76@scribd.com,Male
Christy,Pentlow,cpentlow77@dropbox.com,Male
Millie,Perell,mperell78@soundcloud.com,Female
Pearl,Ambrogiotti,pambrogiotti79@over-blog.com,Female
Caryl,Vasyutichev,cvasyutichev7a@unesco.org,Male
Delmor,Stubbings,dstubbings7b@hud.gov,Polygender
Lianne,Annandale,lannandale7c@intel.com,Female
Odelle,Antoinet,oantoinet7d@themeforest.net,Female
Brock,Croxley,bcroxley7e@youku.com,Male
Alix,Canada,acanada7f@weebly.com,Male
Wallie,Trenchard,wtrenchard7g@nih.gov,Male
Darline,Flintoff,dflintoff7h@microsoft.com,Female
Alana,Howkins,ahowkins7i@google.es,Female
Calhoun,O'Giany,cogiany7j@parallels.com,Male
Elsbeth,Ginty,eginty7k@angelfire.com,Female
Maryjo,Pilmoor,mpilmoor7l@ask.com,Female
Carling,Smithyman,csmithyman7m@acquirethisname.com,Male
Goober,Schnitter,gschnitter7n@mail.ru,Bigender
Bil,Cicconetti,bcicconetti7o@dot.gov,Male
Babara,Fetherstan,bfetherstan7p@google.nl,Female
Hertha,Utton,hutton7q@flavors.me,Female
Tessy,Revett,trevett7r@addthis.com,Female
Edwin,Husk,ehusk7s@163.com,Male
Rodger,Grigolon,rgrigolon7t@techcrunch.com,Male
Huntlee,Leake,hleake7u@sina.com.cn,Male
Mina,Ziems,mziems7v@usgs.gov,Female
Corbin,Atte-Stone,cattestone7w@economist.com,Male
Tabby,Dowdam,tdowdam7x@craigslist.org,Female
Carson,Lydon,clydon7y@de.vu,Male
Dennie,Vinall,dvinall7z@csmonitor.com,Polygender
York,Brackpool,ybrackpool80@yelp.com,Male
Asia,Ziebart,aziebart81@ibm.com,Female
Timmie,Parmley,tparmley82@senate.gov,Female
Greggory,Fenner,gfenner83@taobao.com,Male
Wylma,McKevitt,wmckevitt84@usda.gov,Female
Domeniga,Thoumas,dthoumas85@google.fr,Female
Carolann,MacCarroll,cmaccarroll86@g.co,Female
Arlin,Forber,aforber87@fotki.com,Male
Nady,Soldi,nsoldi88@mail.ru,Female
Sally,Wolfendell,swolfendell89@domainmarket.com,Non-binary
Marlie,Sineath,msineath8a@sciencedaily.com,Female
Lannie,Austin,laustin8b@furl.net,Male
Read,Ravenhills,rravenhills8c@samsung.com,Male
Chere,Kiehl,ckiehl8d@barnesandnoble.com,Female
Darla,Spiers,dspiers8e@tinyurl.com,Female
Micki,Mose,mmose8f@live.com,Female
Gil,Lynch,glynch8g@constantcontact.com,Male
Leesa,Linscott,llinscott8h@netscape.com,Female
Pavia,Burtwell,pburtwell8i@netlog.com,Agender
Austine,Longfoot,alongfoot8j@nsw.gov.au,Female
Daisie,Howorth,dhoworth8k@fotki.com,Female
Bobbe,Jurgensen,bjurgensen8l@ning.com,Female
Charlton,Szapiro,cszapiro8m@topsy.com,Male
Guillema,Kiddey,gkiddey8n@state.gov,Female
Jamaal,Temlett,jtemlett8o@eepurl.com,Male
Tim,Frier,tfrier8p@opera.com,Non-binary
Chandal,Bohlin,cbohlin8q@walmart.com,Female
Prentice,Fairholme,pfairholme8r@bizjournals.com,Male
Leigha,Wandrich,lwandrich8s@feedburner.com,Female
Chrotoem,Edgeworth,cedgeworth8t@miitbeian.gov.cn,Male
Lorens,Pollen,lpollen8u@prnewswire.com,Male
Joyann,Lemarie,jlemarie8v@comsenz.com,Female
Cristina,Omand,comand8w@pen.io,Female
Maude,Puve,mpuve8x@theguardian.com,Female
Marlie,Penella,mpenella8y@walmart.com,Female
Romeo,Hicklingbottom,rhicklingbottom8z@chronoengine.com,Male
Wyatt,Kase,wkase90@live.com,Male
Redford,Redmile,rredmile91@hostgator.com,Male
Becki,Birley,bbirley92@elpais.com,Genderfluid
Allayne,Jelley,ajelley93@mtv.com,Male
Gabriello,Glenton,gglenton94@printfriendly.com,Male
Glory,Dumberell,gdumberell95@noaa.gov,Female
Raquela,Iggalden,riggalden96@taobao.com,Female
Mirilla,Bassford,mbassford97@mozilla.org,Female
Hermy,Wadforth,hwadforth98@webeden.co.uk,Male
Bertha,O'Logan,bologan99@ucla.edu,Genderfluid
Waverley,Haughan,whaughan9a@alibaba.com,Male
Shurlocke,Wyrall,swyrall9b@liveinternet.ru,Male
Lucho,Heatlie,lheatlie9c@wix.com,Male
Mame,Crayk,mcrayk9d@privacy.gov.au,Female
Letti,Kedge,lkedge9e@howstuffworks.com,Female
Josephina,Bastie,jbastie9f@com.com,Female
Hiram,Giraudat,hgiraudat9g@rambler.ru,Male
Hobard,Kenyam,hkenyam9h@gov.uk,Male
Harmonia,Gauge,hgauge9i@usnews.com,Female
Shina,Macia,smacia9j@china.com.cn,Female
Slade,Fuggle,sfuggle9k@nature.com,Male
Fran,Rydzynski,frydzynski9l@eventbrite.com,Female
Emelyne,Jeppe,ejeppe9m@gnu.org,Non-binary
Modestia,Watsham,mwatsham9n@google.nl,Female
Blanche,Durnford,bdurnford9o@domainmarket.com,Female
Faith,Brugger,fbrugger9p@cnbc.com,Female
Amalle,Lanham,alanham9q@umich.edu,Female
Andonis,de Broke,adebroke9r@apache.org,Male
Jordon,Clynman,jclynman9s@live.com,Male
Mel,Issett,missett9t@exblog.jp,Female
Chick,Tommei,ctommei9u@jalbum.net,Male
Ty,Tolan,ttolan9v@symantec.com,Male
Mersey,Piesing,mpiesing9w@fastcompany.com,Female
Natal,Hyam,nhyam9x@java.com,Male
Elita,Lazar,elazar9y@quantcast.com,Female
Maurie,Bamford,mbamford9z@webeden.co.uk,Male
Delmer,Swalteridge,dswalteridgea0@wsj.com,Male
Shelba,Gales,sgalesa1@behance.net,Female
Emelia,Antonomoli,eantonomolia2@tripod.com,Female
Berti,Robinett,brobinetta3@hp.com,Female
Grethel,Caisley,gcaisleya4@liveinternet.ru,Female
Jorry,Dashwood,jdashwooda5@google.ru,Female
Webster,Seath,wseatha6@army.mil,Male
Porty,Pudden,ppuddena7@google.fr,Male
Dione,Keelinge,dkeelingea8@nifty.com,Female
Marybeth,Trase,mtrasea9@ibm.com,Female
Willetta,Heffernan,wheffernanaa@sakura.ne.jp,Female
Cello,Woodcraft,cwoodcraftab@sakura.ne.jp,Male
Alister,Whetton,awhettonac@quantcast.com,Male
Sandy,Hayland,shaylandad@mysql.com,Female
Cristian,Norkutt,cnorkuttae@si.edu,Male
Mariana,Roxburgh,mroxburghaf@yellowpages.com,Female
Elaina,Ketton,ekettonag@seattletimes.com,Female
Nerta,Brumhead,nbrumheadah@va.gov,Agender
Chrysler,Englefield,cenglefieldai@tinypic.com,Female
Hedwiga,Winckles,hwincklesaj@123-reg.co.uk,Female
Glynn,Cleator,gcleatorak@walmart.com,Male
Lyndell,Guyer,lguyeral@soup.io,Female
Egor,Kenninghan,ekenninghanam@answers.com,Male
Aguistin,Drinkhall,adrinkhallan@list-manage.com,Male
Bren,Henbury,bhenburyao@bing.com,Female
Barbey,Ilyasov,bilyasovap@abc.net.au,Female
Diann,O'Roan,doroanaq@squarespace.com,Female
Dulcinea,Erdes,derdesar@fotki.com,Polygender
Robbert,Jiggins,rjigginsas@ftc.gov,Male
Freddie,Doree,fdoreeat@theglobeandmail.com,Male
Graig,Butner,gbutnerau@ucsd.edu,Male
Michel,Fausset,mfaussetav@comcast.net,Female
Samson,Ebhardt,sebhardtaw@vkontakte.ru,Male
Margi,Probbings,mprobbingsax@sitemeter.com,Female
Ronica,Hawley,rhawleyay@thetimes.co.uk,Non-binary
Mandel,Runcieman,mrunciemanaz@ihg.com,Male
Carla,Bissett,cbissettb0@indiatimes.com,Female
Lief,Croucher,lcroucherb1@businessweek.com,Male
Beryle,Addess,baddessb2@canalblog.com,Female
Mehetabel,Laetham,mlaethamb3@sina.com.cn,Female
Moreen,Widdocks,mwiddocksb4@hibu.com,Female
Jacquette,Leddie,jleddieb5@google.cn,Female
Kassi,Sommerly,ksommerlyb6@tinypic.com,Female
Oliy,Itschakov,oitschakovb7@google.de,Female
Jannelle,Dougher,jdougherb8@marriott.com,Female
Rosemaria,Jenik,rjenikb9@discuz.net,Genderqueer
Mart,Gradwell,mgradwellba@squidoo.com,Male
Evania,Powrie,epowriebb@mashable.com,Female
Kimbell,Monketon,kmonketonbc@msn.com,Male
Bronnie,Tullis,btullisbd@tmall.com,Male
Cyrille,Redborn,credbornbe@usa.gov,Male
Martina,Ellerbeck,mellerbeckbf@delicious.com,Female
Peadar,Kirgan,pkirganbg@technorati.com,Male
Kiersten,Bohin,kbohinbh@weibo.com,Female
Maynard,Ramage,mramagebi@cnbc.com,Male
Tyrone,Simonsson,tsimonssonbj@nhs.uk,Male
Shoshanna,Yanshinov,syanshinovbk@msu.edu,Female
Laurent,Crecy,lcrecybl@house.gov,Male
Noach,Forlonge,nforlongebm@ezinearticles.com,Male
Karly,Wayne,kwaynebn@reuters.com,Female
Mechelle,Burnapp,mburnappbo@uiuc.edu,Female
Delbert,Tillot,dtillotbp@gizmodo.com,Male
Harman,Batcheldor,hbatcheldorbq@scientificamerican.com,Male
Shayna,Wedgwood,swedgwoodbr@simplemachines.org,Female
Catina,Jacob,cjacobbs@nsw.gov.au,Female
Minnie,Espinheira,mespinheirabt@hc360.com,Female
Nanon,Praundlin,npraundlinbu@yandex.ru,Female
Orsa,Mowbray,omowbraybv@mac.com,Female
Prisca,Sandlin,psandlinbw@merriam-webster.com,Female
Michele,Stovold,mstovoldbx@sbwire.com,Female
Katerina,Cavey,kcaveyby@trellian.com,Genderfluid
Sheffy,Blaxland,sblaxlandbz@kickstarter.com,Male
Wally,Beedell,wbeedellc0@angelfire.com,Male
Ciel,Diviny,cdivinyc1@lulu.com,Female
Irv,Stoop,istoopc2@java.com,Male
Nicola,Heggie,nheggiec3@bloomberg.com,Agender
Amber,Patman,apatmanc4@economist.com,Female
Camilla,Gore,cgorec5@jiathis.com,Agender
Joey,Whimpenny,jwhimpennyc6@unblog.fr,Male
Merrill,Bodycomb,mbodycombc7@cnet.com,Non-binary
Elana,MacDonough,emacdonoughc8@zdnet.com,Female
Gunter,Ebdin,gebdinc9@goodreads.com,Male
Bentlee,Ragles,braglesca@youtu.be,Male
Sybille,Shyre,sshyrecb@sphinn.com,Female
Ursala,Egglestone,uegglestonecc@twitter.com,Female
Geri,Baal,gbaalcd@arstechnica.com,Male
Rutger,Lough,rloughce@webeden.co.uk,Male
Waylan,Cheasman,wcheasmancf@moonfruit.com,Male
Maiga,Scaysbrook,mscaysbrookcg@mac.com,Female
Helga,Thomesson,hthomessonch@dell.com,Female
Farr,Pilbury,fpilburyci@omniture.com,Male
Van,Rogeron,vrogeroncj@abc.net.au,Agender
Trumann,Betser,tbetserck@weather.com,Male
Rutter,Gatheridge,rgatheridgecl@gizmodo.com,Bigender
Janenna,Sheepy,jsheepycm@rediff.com,Female
Cello,Trethowan,ctrethowancn@blog.com,Male
Dina,McTeggart,dmcteggartco@xing.com,Genderfluid
Matty,Tainton,mtaintoncp@plala.or.jp,Male
Beatrix,Joslin,bjoslincq@google.com,Female
Evelina,Girodier,egirodiercr@upenn.edu,Female
Laurence,Geater,lgeatercs@fda.gov,Male
Johnnie,Gouthier,jgouthierct@pbs.org,Male
Riannon,Hegge,rheggecu@t.co,Female
Umeko,Puleston,upulestoncv@google.de,Female
Abbott,McConnell,amcconnellcw@histats.com,Male
Elspeth,Butting,ebuttingcx@ycombinator.com,Female
Lilian,Merrison,lmerrisoncy@google.co.uk,Female
Stephenie,Chadwen,schadwencz@plala.or.jp,Female
Stevana,Morican,smoricand0@techcrunch.com,Female
Judi,Wintle,jwintled1@ovh.net,Female
Mariann,Hubbucks,mhubbucksd2@flavors.me,Female
Vernen,Temlett,vtemlettd3@usa.gov,Male
Myrwyn,Gwynn,mgwynnd4@typepad.com,Male
Rae,Terry,rterryd5@xing.com,Female
Fredrick,McFade,fmcfaded6@businessweek.com,Male
Kerianne,Byers,kbyersd7@mtv.com,Female
Gaspard,Gyenes,ggyenesd8@netlog.com,Male
Siouxie,Prettyjohns,sprettyjohnsd9@is.gd,Female
Dacia,Schaffler,dschafflerda@arstechnica.com,Female
Tris,Leatherbarrow,tleatherbarrowdb@china.com.cn,Male
Sonni,Donovan,sdonovandc@ox.ac.uk,Female
Lovell,Croson,lcrosondd@jimdo.com,Male
Aloise,Heinssen,aheinssende@chron.com,Female
Ty,Linsey,tlinseydf@springer.com,Genderqueer
Georgia,Ruddiforth,gruddiforthdg@pcworld.com,Agender
Mariejeanne,Streeting,mstreetingdh@sogou.com,Female
Gareth,Bolingbroke,gbolingbrokedi@tmall.com,Agender
Lawton,Starmont,lstarmontdj@seattletimes.com,Male
Carina,Rapier,crapierdk@google.pl,Female
Sancho,Spilsted,sspilsteddl@parallels.com,Male
Shay,Van der Velde,svanderveldedm@chron.com,Male
Claudius,Haggerston,chaggerstondn@google.fr,Male
Koo,Gosneye,kgosneyedo@gov.uk,Female
Earle,Standall,estandalldp@last.fm,Male
Liliane,Culvey,lculveydq@ifeng.com,Female
Jannelle,Brophy,jbrophydr@delicious.com,Female
Friedrick,Pitkethly,fpitkethlyds@slashdot.org,Male
Elysee,Caroli,ecarolidt@newyorker.com,Polygender
Peirce,Saylor,psaylordu@usda.gov,Male
Joane,Addicott,jaddicottdv@google.pl,Female
Jacky,Gowers,jgowersdw@printfriendly.com,Female
Frazer,Ygoe,fygoedx@craigslist.org,Male
Kris,Moores,kmooresdy@uiuc.edu,Male
Ancell,Garoghan,agaroghandz@huffingtonpost.com,Male
Miquela,McAnulty,mmcanultye0@reverbnation.com,Female
Farris,Rouchy,frouchye1@spotify.com,Male
Jecho,Morrallee,jmorralleee2@howstuffworks.com,Bigender
Tildie,Maryman,tmarymane3@economist.com,Female
Mord,Reynold,mreynolde4@globo.com,Male
Ximenez,Pankettman,xpankettmane5@tiny.cc,Male
Sly,Pietruschka,spietruschkae6@hao123.com,Male
Javier,Scoyles,jscoylese7@ucla.edu,Male
Richard,Maddyson,rmaddysone8@histats.com,Male
Pierce,Kear,pkeare9@unicef.org,Male
Mohandis,Adiscot,madiscotea@webmd.com,Male
Ricky,McComish,rmccomisheb@usa.gov,Male
Cullen,Romi,cromiec@yahoo.com,Male
Shep,Edgell,sedgelled@cisco.com,Bigender
Anstice,Abrahams,aabrahamsee@europa.eu,Female
Lyndy,Dorbin,ldorbinef@github.com,Female
Tori,Bentjens,tbentjenseg@techcrunch.com,Genderqueer
Antonin,Wardlaw,awardlaweh@washingtonpost.com,Male
Steffie,Carp,scarpei@wikispaces.com,Female
Debbi,Bence,dbenceej@amazon.co.jp,Female
Hube,Cullabine,hcullabineek@hp.com,Male
Allison,Styant,astyantel@bloglines.com,Female
Helen,Allett,hallettem@paginegialle.it,Female
Carmelia,Lawday,clawdayen@purevolume.com,Female
Aksel,Randalston,arandalstoneo@exblog.jp,Male
Saidee,O'Logan,sologanep@joomla.org,Female
Giovanni,Genny,ggennyeq@apple.com,Male
Renie,Cregeen,rcregeener@rediff.com,Female
Chester,Lifton,cliftones@google.nl,Male
Arabella,Cianelli,acianelliet@cmu.edu,Female
Marja,Bourley,mbourleyeu@mlb.com,Female
Marin,Weatherill,mweatherillev@bloomberg.com,Female
Harp,Rycraft,hrycraftew@ca.gov,Male
Avivah,Petrovykh,apetrovykhex@sciencedaily.com,Female
Hillery,Wandrack,hwandrackey@mit.edu,Male
Marigold,Cantos,mcantosez@discovery.com,Female
Donnell,Suatt,dsuattf0@reddit.com,Male
Syd,Szymanski,sszymanskif1@ca.gov,Male
Reese,Rudloff,rrudlofff2@cbslocal.com,Male
Anne-corinne,Garlinge,agarlingef3@springer.com,Female
Bronnie,Gillespie,bgillespief4@delicious.com,Male
Lauralee,Flawith,lflawithf5@harvard.edu,Female
Lea,Offell,loffellf6@redcross.org,Polygender
Desiree,Eastby,deastbyf7@reverbnation.com,Female
Chip,Crudginton,ccrudgintonf8@businessweek.com,Male
Hannis,Jammes,hjammesf9@bbc.co.uk,Female
Saidee,Pendrich,spendrichfa@sphinn.com,Female
Kaja,McMurdo,kmcmurdofb@epa.gov,Female
Johnette,Ruslin,jruslinfc@si.edu,Female
Ailey,Haggish,ahaggishfd@hugedomains.com,Female
Zelda,Skittrell,zskittrellfe@howstuffworks.com,Bigender
Corney,Gonoude,cgonoudeff@mashable.com,Male
Mahala,Tyas,mtyasfg@europa.eu,Female
Blaine,Cudbird,bcudbirdfh@skyrock.com,Male
Clemmie,Havard,chavardfi@sphinn.com,Female
Cyb,Karpinski,ckarpinskifj@engadget.com,Female
Cristina,Guiducci,cguiduccifk@alexa.com,Female
Cyril,De Vaux,cdevauxfl@senate.gov,Male
Timofei,Coneley,tconeleyfm@php.net,Non-binary
Roanna,Swales,rswalesfn@gravatar.com,Female
Salim,Espadate,sespadatefo@squidoo.com,Male
Lane,Chesshyre,lchesshyrefp@comcast.net,Male
Myron,Ivanisov,mivanisovfq@bandcamp.com,Male
Abbi,Wixey,awixeyfr@google.nl,Female
Greta,Puttick,gputtickfs@youku.com,Female
Willey,Fake,wfakeft@youku.com,Male
Eleen,Reagan,ereaganfu@sohu.com,Female
Margalo,Whyman,mwhymanfv@whitehouse.gov,Agender
Danny,Fussen,dfussenfw@barnesandnoble.com,Female
Orson,Faltin,ofaltinfx@unesco.org,Male
Stacee,Matieu,smatieufy@hibu.com,Male
Corby,Roebuck,croebuckfz@forbes.com,Male
Marjorie,Pinnick,mpinnickg0@chicagotribune.com,Female
Essie,Rantoul,erantoulg1@skype.com,Female
Tynan,Hutfield,thutfieldg2@fc2.com,Male
Gerti,Greenmon,ggreenmong3@newsvine.com,Female
Cherrita,Pawlowicz,cpawlowiczg4@umn.edu,Female
Langsdon,Banaszkiewicz,lbanaszkiewiczg5@live.com,Male
Delcine,Farrin,dfarring6@nymag.com,Female
Langston,Boggas,lboggasg7@buzzfeed.com,Male
Dee dee,Covotti,dcovottig8@cisco.com,Female
Duncan,Worman,dwormang9@nbcnews.com,Polygender
Ernesto,Leverington,eleveringtonga@mozilla.org,Male
Dale,Spragge,dspraggegb@thetimes.co.uk,Bigender
Lucille,Cowp,lcowpgc@sfgate.com,Female
Jojo,Mudie,jmudiegd@cnet.com,Female
Esra,Jellico,ejellicoge@mit.edu,Male
Melonie,Bowmaker,mbowmakergf@opera.com,Female
Legra,Masterson,lmastersongg@springer.com,Female
Efrem,Cobello,ecobellogh@marketwatch.com,Male
Derrick,Mandifield,dmandifieldgi@unicef.org,Male
Ruddy,MacGiffin,rmacgiffingj@cbslocal.com,Genderfluid
Ringo,Shanley,rshanleygk@hugedomains.com,Male
Lorrie,Beckinsall,lbeckinsallgl@123-reg.co.uk,Female
Lucien,Diamond,ldiamondgm@yellowpages.com,Male
Carlynn,Ropking,cropkinggn@bbb.org,Female
Brock,Rickert,brickertgo@shop-pro.jp,Male
Collie,Ogilvie,cogilviegp@twitter.com,Genderqueer
Violante,Bayley,vbayleygq@tumblr.com,Female
Jermaine,Fitter,jfittergr@cdbaby.com,Female
Yvor,Meers,ymeersgs@go.com,Male
Aurthur,Pittham,apitthamgt@state.gov,Male
Nobie,Brangan,nbrangangu@google.co.jp,Male
Rodie,Venny,rvennygv@lulu.com,Female
Hagan,Guiraud,hguiraudgw@reddit.com,Male
Clifford,McGeachie,cmcgeachiegx@google.pl,Male
Channa,Soonhouse,csoonhousegy@economist.com,Female
Dallas,Ambrogini,dambroginigz@rakuten.co.jp,Polygender
Horacio,Copland,hcoplandh0@eepurl.com,Male
Miles,Fullalove,mfullaloveh1@newsvine.com,Male
Davis,Defrain,ddefrainh2@devhub.com,Male
Othella,Chant,ochanth3@boston.com,Female
Stanton,Wegman,swegmanh4@deliciousdays.com,Male
Johnnie,Pallister,jpallisterh5@ocn.ne.jp,Male
Hakim,Harnett,hharnetth6@people.com.cn,Male
Bat,Karlowicz,bkarlowiczh7@netscape.com,Male
Angelita,Criple,acripleh8@studiopress.com,Female
Eustace,Crosfield,ecrosfieldh9@pen.io,Male
Jasen,Kernaghan,jkernaghanha@stanford.edu,Male
Ellene,Westphalen,ewestphalenhb@odnoklassniki.ru,Female
Renae,Connerly,rconnerlyhc@cbsnews.com,Female
Jakob,Casse,jcassehd@boston.com,Male
Prescott,Ligerton,pligertonhe@bizjournals.com,Male
Jarrett,Marsden,jmarsdenhf@example.com,Male
Guntar,Dimanche,gdimanchehg@wiley.com,Male
Maud,Saladin,msaladinhh@ask.com,Female
Calv,Bleackley,cbleackleyhi@imgur.com,Agender
Blaire,Bonallick,bbonallickhj@princeton.edu,Female
Milt,Netting,mnettinghk@yellowpages.com,Male
Keane,Genge,kgengehl@addthis.com,Male
Ollie,McKern,omckernhm@opensource.org,Male
Henryetta,Asche,haschehn@who.int,Female
Vito,Coysh,vcoyshho@hc360.com,Genderqueer
Korie,Duplain,kduplainhp@github.io,Female
Anita,Dibley,adibleyhq@imageshack.us,Agender
Matthaeus,Aisbett,maisbetthr@walmart.com,Male
Rebekkah,Haire,rhairehs@earthlink.net,Female
Ilaire,Wallege,iwallegeht@toplist.cz,Male
Jory,MacNamara,jmacnamarahu@narod.ru,Male
Natividad,Itzchaky,nitzchakyhv@virginia.edu,Female
Somerset,Birrel,sbirrelhw@un.org,Male
Gertie,Eberz,geberzhx@ox.ac.uk,Female
Niccolo,Hazleton,nhazletonhy@nba.com,Male
Sarajane,Pyatt,spyatthz@bloglovin.com,Bigender
Arlen,Jacklin,ajacklini0@blogspot.com,Male
Malory,McNerlin,mmcnerlini1@privacy.gov.au,Female
Alameda,Sobieski,asobieskii2@comsenz.com,Female
Rogers,Waything,rwaythingi3@trellian.com,Male
Shem,Medlicott,smedlicotti4@jugem.jp,Male
Jorrie,Pendreigh,jpendreighi5@sogou.com,Female
Mikel,Claxton,mclaxtoni6@blogger.com,Male
Esteban,Popland,epoplandi7@dmoz.org,Male
Brande,Maynard,bmaynardi8@mashable.com,Female
Romeo,Formby,rformbyi9@mapy.cz,Male
Stepha,Mosen,smosenia@apple.com,Polygender
Bernie,Foulcher,bfoulcherib@bbb.org,Female
Torry,Bollen,tbollenic@soundcloud.com,Male
Niall,Wheater,nwheaterid@ed.gov,Male
Birgitta,Grand,bgrandie@vkontakte.ru,Female
Wat,Wickstead,wwicksteadif@hexun.com,Male
Vinny,MacNeilage,vmacneilageig@reuters.com,Male
Val,Klainer,vklainerih@usda.gov,Male
Ginnifer,Taberner,gtabernerii@eepurl.com,Female
Horatio,Rhodes,hrhodesij@ask.com,Male
Ingelbert,Smee,ismeeik@ft.com,Non-binary
Charin,Brett,cbrettil@weebly.com,Female
Elisa,Roadknight,eroadknightim@kickstarter.com,Non-binary
Marlin,Paybody,mpaybodyin@homestead.com,Male
Glynnis,Skitteral,gskitteralio@alexa.com,Non-binary
Erika,Tregea,etregeaip@yellowbook.com,Genderqueer
James,Almeida,jalmeidaiq@epa.gov,Male
Krystle,Welham,kwelhamir@cnbc.com,Female
Desi,Paur,dpauris@is.gd,Male
Townsend,Brabon,tbrabonit@answers.com,Male
Ignatius,Ruddom,iruddomiu@bigcartel.com,Male
Nicky,Olivazzi,nolivazziiv@surveymonkey.com,Male
Ludvig,Kleinhaus,lkleinhausiw@oakley.com,Male
Susy,Schottli,sschottliix@dailymail.co.uk,Female
Levin,Kinghorne,lkinghorneiy@tripadvisor.com,Male
Ado,Stritton,astrittoniz@behance.net,Male
Faun,Huby,fhubyj0@blogtalkradio.com,Bigender
Corissa,Nary,cnaryj1@usgs.gov,Female
Verena,Thexton,vthextonj2@yahoo.co.jp,Agender
Roddy,Lernihan,rlernihanj3@cargocollective.com,Male
Sissie,Ruppel,sruppelj4@va.gov,Female
Merrill,Topper,mtopperj5@bloomberg.com,Female
Odey,Lassell,olassellj6@dmoz.org,Male
Tiphanie,Huntingford,thuntingfordj7@mlb.com,Female
Karlis,Lathleiffure,klathleiffurej8@tamu.edu,Male
Foss,Mathely,fmathelyj9@imgur.com,Male
Artur,Artus,aartusja@usnews.com,Genderfluid
Lorinda,Glancy,lglancyjb@prnewswire.com,Female
Willie,Dallas,wdallasjc@blog.com,Genderfluid
Franciska,Spieght,fspieghtjd@domainmarket.com,Female
Geoffry,Shitliffe,gshitliffeje@eepurl.com,Male
Keefer,Jessopp,kjessoppjf@surveymonkey.com,Male
Izzy,Jiras,ijirasjg@seattletimes.com,Male
Ibbie,Wigglesworth,iwigglesworthjh@hc360.com,Female
Jacobo,Zanolli,jzanolliji@xinhuanet.com,Male
Lura,Hynd,lhyndjj@ow.ly,Female
Alys,Kettoe,akettoejk@prlog.org,Female
Cathy,Elby,celbyjl@yelp.com,Female
Mehetabel,Williams,mwilliamsjm@ask.com,Female
Eartha,Gritland,egritlandjn@cnet.com,Female
Benjy,Litchfield,blitchfieldjo@shareasale.com,Non-binary
Walliw,Tomaello,wtomaellojp@usda.gov,Female
Malorie,Verity,mverityjq@google.com,Female
Humfrid,Martignoni,hmartignonijr@webs.com,Male
Heindrick,Wride,hwridejs@nbcnews.com,Bigender
Elwin,Rubinovici,erubinovicijt@fema.gov,Male
William,Bedbury,wbedburyju@ustream.tv,Male
Helaina,Woodroff,hwoodroffjv@blogtalkradio.com,Female
Layne,Fulun,lfulunjw@youtu.be,Female
Trista,Winterbottom,twinterbottomjx@bloglines.com,Female
Fonzie,Illem,fillemjy@sina.com.cn,Male
Debera,Keel,dkeeljz@mashable.com,Female
Georgy,Whicher,gwhicherk0@baidu.com,Male
Stillmann,Arpur,sarpurk1@twitter.com,Male
Lyn,Dymidowski,ldymidowskik2@whitehouse.gov,Male
Thaddus,Lobell,tlobellk3@networkadvertising.org,Male
Arvy,Speachley,aspeachleyk4@nba.com,Male
Jarib,Myott,jmyottk5@accuweather.com,Male
Winifred,Cheak,wcheakk6@hc360.com,Female
Felisha,Minnis,fminnisk7@statcounter.com,Female
Elnore,Ziehm,eziehmk8@hatena.ne.jp,Female
Amerigo,Fowls,afowlsk9@newyorker.com,Male
Kordula,Cornilli,kcornillika@si.edu,Agender
Gayla,Faulo,gfaulokb@yale.edu,Female
Demeter,Scammell,dscammellkc@bbc.co.uk,Female
Constantine,Glassard,cglassardkd@livejournal.com,Male
Shep,Abbett,sabbettke@pen.io,Male
Baldwin,Huot,bhuotkf@google.it,Male
Jorgan,Bordes,jbordeskg@samsung.com,Male
Ailsun,Reiners,areinerskh@istockphoto.com,Female
Norrie,Skirving,nskirvingki@usatoday.com,Male
Michal,Auden,maudenkj@mapy.cz,Male
Eleen,Hockey,ehockeykk@bandcamp.com,Female
Derward,Jakab,djakabkl@google.cn,Male
Giordano,DelaField,gdelafieldkm@github.io,Male
Maddalena,Di Pietro,mdipietrokn@slashdot.org,Female
Sanford,Plowes,splowesko@istockphoto.com,Non-binary
Evanne,Dow,edowkp@skyrock.com,Female
Jeremy,Barnhart,jbarnhartkq@upenn.edu,Male
Zuzana,Ruse,zrusekr@japanpost.jp,Female
Noby,Barford,nbarfordks@ftc.gov,Male
Melissa,Reinhard,mreinhardkt@ted.com,Bigender
Bambie,Azam,bazamku@webnode.com,Female
Guntar,Geffe,ggeffekv@smugmug.com,Polygender
Sher,Zuanazzi,szuanazzikw@netvibes.com,Female
Rabbi,Iorizzi,riorizzikx@addthis.com,Male
Dael,Slorach,dslorachky@house.gov,Female
Agnes,Hakes,ahakeskz@craigslist.org,Female
Tabina,Blouet,tblouetl0@homestead.com,Female
Elias,Giacomini,egiacominil1@surveymonkey.com,Male
Adella,Scuffham,ascuffhaml2@opera.com,Female
Lazare,McCourtie,lmccourtiel3@berkeley.edu,Male
Drucill,Hilbourne,dhilbournel4@4shared.com,Female
Waring,Paynes,wpaynesl5@theglobeandmail.com,Male
Silvio,Pierce,spiercel6@nsw.gov.au,Male
Hollyanne,Munnings,hmunningsl7@examiner.com,Female
Tallulah,Clayborn,tclaybornl8@diigo.com,Female
Barbette,De Pietri,bdepietril9@de.vu,Female
Sindee,Eede,seedela@zdnet.com,Female
Tiff,Gridon,tgridonlb@foxnews.com,Female
Tam,Barwood,tbarwoodlc@pbs.org,Male
Fee,Dymock,fdymockld@yellowbook.com,Male
Cilka,Parratt,cparrattle@cam.ac.uk,Female
Ingrid,Ellor,iellorlf@sohu.com,Female
Aurelea,Rabidge,arabidgelg@godaddy.com,Female
Helene,Meran,hmeranlh@pen.io,Female
Chauncey,Bradnock,cbradnockli@walmart.com,Male
Selma,Sidney,ssidneylj@patch.com,Female
Derwin,Nathon,dnathonlk@1und1.de,Male
Claudie,Jobb,cjobbll@un.org,Agender
Shelley,Hugin,shuginlm@buzzfeed.com,Male
Kennith,Fidal,kfidalln@typepad.com,Male
Wilfred,Byram,wbyramlo@vinaora.com,Male
Jarib,Gimbrett,jgimbrettlp@booking.com,Male
Tyson,Eager,teagerlq@disqus.com,Male
Denney,Norcott,dnorcottlr@adobe.com,Male
Lionel,Croster,lcrosterls@cnet.com,Male
Lucio,Kift,lkiftlt@google.ru,Male
El,Eidler,eeidlerlu@wunderground.com,Genderqueer
Samantha,Bauld,sbauldlv@shinystat.com,Female
Myrle,Ilott,milottlw@china.com.cn,Female
Amos,Stiegers,astiegerslx@hugedomains.com,Male
Jelene,Ebden,jebdenly@cocolog-nifty.com,Female
Roxine,Wildber,rwildberlz@admin.ch,Female
Ray,Giacomini,rgiacominim0@printfriendly.com,Male
Ophelie,Wimpenny,owimpennym1@bloglines.com,Female
Adora,Stronach,astronachm2@baidu.com,Female
Janis,Leese,jleesem3@i2i.jp,Female
Brendin,Willetts,bwillettsm4@joomla.org,Male
Annelise,Tatersale,atatersalem5@foxnews.com,Female
Ilise,Dedrick,idedrickm6@edublogs.org,Non-binary
Suzy,Geater,sgeaterm7@dagondesign.com,Female
Stanislaw,Aitchinson,saitchinsonm8@go.com,Male
Willey,Shirley,wshirleym9@nationalgeographic.com,Polygender
Edsel,Portriss,eportrissma@dagondesign.com,Male
Cele,Tessyman,ctessymanmb@bizjournals.com,Female
Chad,Crates,ccratesmc@weather.com,Male
Dodi,Toombs,dtoombsmd@bluehost.com,Female
Odelinda,Nehl,onehlme@gov.uk,Genderfluid
Charyl,Lauthian,clauthianmf@canalblog.com,Female
Ardene,Waples,awaplesmg@phoca.cz,Genderqueer
Martina,Fairall,mfairallmh@wp.com,Female
Binnie,Durie,bduriemi@altervista.org,Female
Ira,Frossell,ifrossellmj@ning.com,Female
Creigh,Haile,chailemk@squarespace.com,Male
Andrew,Challice,achalliceml@seattletimes.com,Male
Crosby,Wark,cwarkmm@shop-pro.jp,Male
Kiri,Bantock,kbantockmn@japanpost.jp,Female
Micah,Martine,mmartinemo@biblegateway.com,Male
Haley,Filyashin,hfilyashinmp@imdb.com,Female
Ashbey,Yakunin,ayakuninmq@jugem.jp,Polygender
Terra,Lukovic,tlukovicmr@jigsy.com,Female
Lizabeth,Izkovitch,lizkovitchms@last.fm,Female
Linnie,Diggell,ldiggellmt@gmpg.org,Agender
Rip,Joberne,rjobernemu@flavors.me,Male
Cornie,Sheraton,csheratonmv@imageshack.us,Male
Ozzie,Martinelli,omartinellimw@guardian.co.uk,Male
Tobiah,Sheather,tsheathermx@spotify.com,Male
Magdalena,Barszczewski,mbarszczewskimy@taobao.com,Female
Donetta,Bettam,dbettammz@blogs.com,Female
Dalt,Dobbie,ddobbien0@ocn.ne.jp,Male
Ezmeralda,Denisard,edenisardn1@pcworld.com,Female
Elyssa,Lambertson,elambertsonn2@privacy.gov.au,Female
Eduard,MacRirie,emacririen3@china.com.cn,Male
Andrus,MacParland,amacparlandn4@bbc.co.uk,Male
Adiana,Raimbauld,araimbauldn5@google.cn,Bigender
Reuven,Colston,rcolstonn6@mediafire.com,Agender
Blayne,Vase,bvasen7@networkadvertising.org,Male
Hillard,Stace,hstacen8@seesaa.net,Male
Jakie,Kerwick,jkerwickn9@icio.us,Male
Susie,Lee,sleena@photobucket.com,Polygender
Patten,Girardey,pgirardeynb@cnn.com,Male
Valli,Bushel,vbushelnc@xing.com,Female
Zandra,Claybourn,zclaybournnd@wix.com,Female
Gus,Schwanden,gschwandenne@abc.net.au,Male
Jemimah,Paton,jpatonnf@latimes.com,Female
Mitchell,Selwyne,mselwyneng@reverbnation.com,Male
Dall,Haggis,dhaggisnh@ft.com,Male
Lorenzo,Atkin,latkinni@apple.com,Male
Ferdinand,Ganniclifft,fganniclifftnj@auda.org.au,Male
Romola,Kissick,rkissicknk@elegantthemes.com,Female
Ingar,Maidment,imaidmentnl@diigo.com,Male
Wilden,Ditchburn,wditchburnnm@1688.com,Male
Sarette,Gley,sgleynn@vimeo.com,Female
Tobe,Stucke,tstuckeno@psu.edu,Female
Kienan,Fattorini,kfattorininp@bravesites.com,Male
Dom,Hoodless,dhoodlessnq@google.de,Male
Quinta,Harvard,qharvardnr@hatena.ne.jp,Female
Boniface,Hartus,bhartusns@chron.com,Male
Saunder,Steventon,ssteventonnt@smh.com.au,Male
Lotte,Strafen,lstrafennu@mediafire.com,Female
Avrit,Bahike,abahikenv@mysql.com,Female
Alexio,Hinstridge,ahinstridgenw@gizmodo.com,Male
Abel,Lochran,alochrannx@paginegialle.it,Male
Lucinda,Buncom,lbuncomny@businesswire.com,Female
Orella,Lougheid,olougheidnz@opera.com,Female
Jareb,Zellick,jzellicko0@blogs.com,Male
Toni,Wickens,twickenso1@state.tx.us,Female
Sibbie,Bromehead,sbromeheado2@craigslist.org,Female
Reyna,Gaynesford,rgaynesfordo3@lulu.com,Female
Krystalle,Mahy,kmahyo4@rediff.com,Female
Kristian,Elmhirst,kelmhirsto5@livejournal.com,Male
Felicle,Twizell,ftwizello6@sphinn.com,Female
Winnah,Presswell,wpresswello7@cdbaby.com,Female
Daffy,Alyokhin,dalyokhino8@tinypic.com,Female
Fraze,Fishly,ffishlyo9@washington.edu,Male
Kalinda,Eagland,keaglandoa@edublogs.org,Female
Timmie,Fillan,tfillanob@booking.com,Male
Odille,Hawlgarth,ohawlgarthoc@eventbrite.com,Female
Colman,Crisall,ccrisallod@soundcloud.com,Male
Hendrik,Culverhouse,hculverhouseoe@stumbleupon.com,Male
Reggi,Cloke,rclokeof@twitter.com,Female
Rana,Freed,rfreedog@biglobe.ne.jp,Female
Aimee,Bentson,abentsonoh@pinterest.com,Female
Crysta,Wyvill,cwyvilloi@1688.com,Female
Hogan,Gloucester,hgloucesteroj@microsoft.com,Male
Pet,Osborn,posbornok@angelfire.com,Female
Kendricks,Simenet,ksimenetol@netscape.com,Male
Miller,Shephard,mshephardom@msn.com,Male
Felicio,Brigge,fbriggeon@ucoz.ru,Male
Isak,Muzzillo,imuzzillooo@pinterest.com,Male
Aube,McBride,amcbrideop@zimbio.com,Male
Heall,Gregoraci,hgregoracioq@youtube.com,Male
Adaline,Morit,amoritor@yellowbook.com,Female
Duffie,Parmenter,dparmenteros@technorati.com,Male
Amabelle,Delcastel,adelcastelot@goodreads.com,Female
Dori,Belhome,dbelhomeou@youtu.be,Female
Bernita,Warrilow,bwarrilowov@salon.com,Female
Romeo,Callis,rcallisow@youku.com,Male
Felix,McCluin,fmccluinox@reddit.com,Male
Tim,Locard,tlocardoy@pcworld.com,Female
Aimil,Ceeley,aceeleyoz@wordpress.org,Female
Clovis,Bradburne,cbradburnep0@gmpg.org,Female
Keslie,Gatch,kgatchp1@usda.gov,Female
Alisha,Finci,afincip2@arstechnica.com,Polygender
Nobie,Francesconi,nfrancesconip3@sciencedaily.com,Male
Constance,Melanaphy,cmelanaphyp4@canalblog.com,Female
Karrah,Austwick,kaustwickp5@freewebs.com,Female
Ronald,Mackstead,rmacksteadp6@furl.net,Male
Em,Sines,esinesp7@marriott.com,Male
Cameron,Tipton,ctiptonp8@weebly.com,Male
Kati,Batstone,kbatstonep9@apache.org,Female
Graeme,Reavey,greaveypa@paypal.com,Male
Shela,Kezor,skezorpb@vimeo.com,Female
Harold,Okroy,hokroypc@cocolog-nifty.com,Male
Xymenes,Aulds,xauldspd@vistaprint.com,Male
Odetta,Oliva,oolivape@1und1.de,Female
Clayborne,Duiguid,cduiguidpf@cloudflare.com,Male
Vinny,Cheake,vcheakepg@privacy.gov.au,Male
Francyne,Bolland,fbollandph@nba.com,Female
Haslett,Dugdale,hdugdalepi@uiuc.edu,Male
Mohandis,Eleshenar,meleshenarpj@imdb.com,Male
Aurelea,Martensen,amartensenpk@xrea.com,Female
Shir,Espinet,sespinetpl@yale.edu,Female
Kipper,Guynemer,kguynemerpm@ow.ly,Bigender
Kelli,Lebbern,klebbernpn@theglobeandmail.com,Genderqueer
Carissa,Hendriksen,chendriksenpo@usa.gov,Female
Roarke,Lamshead,rlamsheadpp@who.int,Male
Florri,Canelas,fcanelaspq@army.mil,Female
Brig,McLewd,bmclewdpr@zdnet.com,Male
Garvy,Hollingdale,ghollingdaleps@altervista.org,Male
Shepard,Cleaver,scleaverpt@state.gov,Male
Tommie,Valois,tvaloispu@angelfire.com,Male
Jorgan,Cogman,jcogmanpv@rediff.com,Male
Curt,Sturte,csturtepw@disqus.com,Male
Torin,Cairns,tcairnspx@springer.com,Male
Halsey,Creane,hcreanepy@epa.gov,Male
Chelsey,Gravy,cgravypz@wunderground.com,Female
Heath,Baszkiewicz,hbaszkiewiczq0@barnesandnoble.com,Female
Artemas,Nevin,anevinq1@printfriendly.com,Male
Hannie,Veeler,hveelerq2@dropbox.com,Female
Sher,Van den Velde,svandenveldeq3@elegantthemes.com,Female
Agneta,Gerald,ageraldq4@google.cn,Female
Paulette,Tarn,ptarnq5@rambler.ru,Female
Olly,Antwis,oantwisq6@sfgate.com,Non-binary
Allina,Herety,aheretyq7@timesonline.co.uk,Female
Christoper,Collough,ccolloughq8@jimdo.com,Male
Philip,Richarson,pricharsonq9@seattletimes.com,Male
Venus,Paulley,vpaulleyqa@netscape.com,Female
Kip,Van der Kruijs,kvanderkruijsqb@baidu.com,Female
Rutherford,Cuming,rcumingqc@geocities.jp,Male
Nerte,Allder,nallderqd@lycos.com,Female
Deni,Grosvener,dgrosvenerqe@dyndns.org,Female
Suzanne,Fleming,sflemingqf@buzzfeed.com,Polygender
Berkie,Hanley,bhanleyqg@nasa.gov,Male
Hildegarde,McQuillen,hmcquillenqh@nymag.com,Female
Rossy,Frangello,rfrangelloqi@alibaba.com,Male
Katleen,Boodle,kboodleqj@discuz.net,Female
Alastair,Harrington,aharringtonqk@jimdo.com,Male
Nicholas,Mc Gaughey,nmcgaugheyql@pbs.org,Male
Nadya,Renouf,nrenoufqm@about.com,Female
Madelina,Kabisch,mkabischqn@umich.edu,Female
Renie,Mattys,rmattysqo@multiply.com,Female
Eugene,Quirk,equirkqp@furl.net,Male
Tatum,McVity,tmcvityqq@goodreads.com,Female
Thadeus,Ketteridge,tketteridgeqr@independent.co.uk,Male
Wyn,Jozsa,wjozsaqs@jalbum.net,Male
Anna,McRobert,amcrobertqt@seesaa.net,Female
Kori,Meuse,kmeusequ@wordpress.org,Female
Jasun,Upex,jupexqv@discuz.net,Male
Franciska,Doumic,fdoumicqw@eventbrite.com,Female
Brewer,Akitt,bakittqx@home.pl,Male
Becca,Golsby,bgolsbyqy@pinterest.com,Female
Jessika,Oldfield,joldfieldqz@msn.com,Female
Dun,Fealty,dfealtyr0@zdnet.com,Male
Waite,Bonus,wbonusr1@soundcloud.com,Male
Linnell,Stowe,lstower2@amazon.de,Female
Netta,Eastgate,neastgater3@dyndns.org,Female
Conni,Craighall,ccraighallr4@home.pl,Female
Lennard,Davley,ldavleyr5@apache.org,Male
Jamaal,Gretton,jgrettonr6@vistaprint.com,Male
Orlan,Surgey,osurgeyr7@typepad.com,Male
Brant,Giovannacc@i,bgiovannaccir8@sphinn.com,Male
Lydon,Wicken,lwickenr9@boston.com,Male
Jenni,Lewcock,jlewcockra@epa.gov,Female
Baron,Wakeman,bwakemanrb@fastcompany.com,Polygender
Dorella,Tuhy,dtuhyrc@360.cn,Female
Addy,Loughran,aloughranrd@tamu.edu,Female
Ricki,Bleakley,rbleakleyre@photobucket.com,Male
Fannie,Harmson,fharmsonrf@ehow.com,Female
Olenolin,Jelliman,ojellimanrg@joomla.org,Male
Jemmie,Dipple,jdipplerh@tamu.edu,Female
Renelle,Holtom,rholtomri@jigsy.com,Female
Rodge,Grunnill,rgrunnillrj@trellian.com,Male
Willetta,McElwee,wmcelweerk@alibaba.com,Female
Dud,Caller,dcallerrl@cmu.edu,Male
Gearalt,Cleator,gcleatorrm@adobe.com,Male
Maurie,Simeoli,msimeolirn@drupal.org,Male
Ashli,McCarron,amccarronro@sun.com,Female
Herminia,Johnson,hjohnsonrp@ovh.net,Female
Olenolin,Cowope,ocowoperq@skyrock.com,Male
Eveline,Barens,ebarensrr@vkontakte.ru,Female
